patient_id,class_id,academic_year,year_group,assessment_type,subject,num_questions,date,score,predicted_grade,teacher_id
1,CLASS046,2023,13,End of term,Spanish,88,2024-07-18,80.8,U,TEACHER037
1,CLASS074,2023,13,End of term,Spanish,89,2023-09-04,33.4,5,
1,CLASS005,2022,9,Class test,Geography,45,2023-02-17,10.7,6,TEACHER012
1,CLASS065,2023,11,Coursework,Geography,83,2024-04-03,64.7,G,
1,CLASS006,2024,9,A-Level,Geography,33,2024-11-13,6.0,C,TEACHER007
2,CLASS092,2024,8,Class test,French,21,2025-01-10,1.9,7,TEACHER046
2,CLASS002,2022,9,End of term,History,84,2023-05-15,10.3,2,TEACHER048
2,CLASS080,2022,9,Mock exam,Science,,2022-09-16,,B,TEACHER018
2,CLASS017,2023,7,End of term,Geography,41,2024-02-10,7.5,G,TEACHER031
2,CLASS033,2024,8,GCSE,Geography,56,2024-10-13,44.5,U,
3,CLASS027,2023,Y9,Coursework,Spanish,21,2024-04-24,,C,TEACHER029
3,CLASS067,2022,Y8,End of term,French,,2022-10-28,,9,TEACHER041
3,CLASS002,2023,7,Coursework,Mathematics,71,2023-11-28,57.4,A,TEACHER036
3,CLASS081,2023,13,Coursework,History,62,2024-03-13,34.0,G,
3,CLASS023,2023,9,End of year exam,Art,98,2023-09-23,67.3,8,TEACHER019
3,CLASS061,2023,Y11,End of term,Geography,81,2024-05-04,40.8,1,
3,CLASS003,2024,Y8,End of year exam,Mathematics,,2025-05-21,18.5,1,TEACHER018
3,CLASS091,2024,Y9,End of year exam,Spanish,12,2024-11-20,3.4,C,
4,CLASS083,2022,13,Class test,Computing,81,2022-10-19,14.1,6,
4,CLASS064,2022,Y13,End of term,Art,38,2022-11-23,7.4,9,
4,CLASS100,2022,Y9,End of term,Mathematics,30,2022-10-05,,,
5,CLASS082,2022,8,A-Level,Art,81,2023-03-09,,C,TEACHER012
5,CLASS001,2024,8,Class test,Music,98,2024-09-03,68.2,F,TEACHER048
5,CLASS007,2022,12,Class test,Art,41,2023-06-08,25.8,F,TEACHER031
5,CLASS014,2024,Y12,End of term,Music,36,2024-12-08,19.0,8,TEACHER024
6,CLASS076,2022,11,A-Level,Art,42,2022-09-11,21.8,C,TEACHER001
6,CLASS081,2023,Y12,End of term,French,96,2023-09-06,50.6,A*,TEACHER041
6,CLASS070,2023,7,GCSE,Spanish,,2024-07-22,,B,TEACHER014
6,CLASS070,2023,10,Coursework,Mathematics,44,2024-03-07,22.4,U,
7,CLASS086,2022,12,Mock exam,Art,56,2023-04-26,22.0,6,TEACHER016
7,CLASS018,2023,7,End of year exam,PE,49,2024-02-20,29.5,7,TEACHER024
7,CLASS091,2022,11,End of year exam,PE,70,2023-07-14,31.0,4,TEACHER018
7,CLASS003,2023,8,A-Level,English,79,2024-05-11,,A,TEACHER043
7,CLASS094,2024,10,Mock exam,Geography,15,2025-05-22,9.3,D,TEACHER039
7,CLASS091,2024,12,GCSE,Science,,2024-09-30,0.2,D,TEACHER024
7,CLASS020,2024,13,Class test,Mathematics,99,2025-06-09,87.4,U,TEACHER001
7,CLASS092,2024,Y13,End of year exam,English,,2024-09-21,58.4,A,
8,CLASS022,2022,Y12,Coursework,Geography,25,2023-07-20,17.4,U,
8,CLASS036,2022,Y13,A-Level,History,66,2022-09-11,60.4,1,TEACHER001
8,CLASS008,2023,Y9,End of year exam,Mathematics,94,2024-03-22,46.9,,
8,CLASS047,2024,11,GCSE,Spanish,54,2025-02-08,35.5,6,TEACHER005
8,CLASS019,2024,Y9,End of term,PE,82,2025-03-02,60.6,5,
8,CLASS058,2024,Y13,Coursework,French,,2024-12-09,5.2,D,
9,CLASS070,2023,10,End of term,French,61,2023-12-19,9.1,3,TEACHER032
9,CLASS080,2024,11,A-Level,Science,63,2025-05-21,49.2,A*,TEACHER047
9,CLASS065,2022,7,A-Level,Geography,78,2023-02-08,,8,TEACHER030
9,CLASS023,2022,11,GCSE,Spanish,81,2023-02-05,17.8,U,
9,CLASS048,2022,12,GCSE,German,39,2023-04-29,20.2,C,TEACHER031
9,CLASS063,2022,11,Coursework,Spanish,88,2023-01-23,58.8,U,TEACHER026
9,CLASS038,2023,9,GCSE,Geography,95,2024-07-22,9.0,2,TEACHER036
10,CLASS047,2024,Y8,Class test,French,36,2024-11-09,18.9,8,
10,CLASS081,2022,12,GCSE,Science,14,2023-01-29,3.3,4,TEACHER036
10,CLASS054,2022,Y7,Mock exam,History,72,2023-06-11,44.6,6,
10,CLASS077,2022,9,A-Level,Mathematics,30,2023-04-26,6.5,,
10,CLASS015,2023,Y9,End of year exam,German,,2024-03-24,15.9,G,TEACHER013
10,CLASS043,2022,Y12,GCSE,German,98,2022-10-22,24.1,E,
10,CLASS074,2023,7,Class test,Spanish,89,2023-10-01,46.4,A,TEACHER044
10,CLASS039,2024,11,A-Level,Music,21,2024-11-22,15.6,C,TEACHER026
11,CLASS046,2024,Y12,End of year exam,History,18,2025-02-04,7.9,7,TEACHER007
11,CLASS044,2024,Y10,Mock exam,French,76,2025-02-02,15.2,E,TEACHER049
11,CLASS039,2024,Y7,Class test,Computing,16,2025-04-29,,8,TEACHER046
12,CLASS010,2024,7,Coursework,English,57,2024-12-12,,D,TEACHER011
12,CLASS043,2022,Y11,Mock exam,Music,22,2023-02-04,7.4,B,
12,CLASS053,2023,Y12,A-Level,Geography,10,2024-01-16,3.1,,TEACHER013
12,CLASS010,2023,Y10,End of year exam,Mathematics,,2024-01-26,95.3,2,TEACHER006
12,CLASS035,2024,Y12,End of year exam,Computing,53,2024-10-31,,7,TEACHER022
12,CLASS080,2023,Y13,Coursework,Music,27,2024-06-30,8.0,U,TEACHER015
12,CLASS025,2023,Y11,GCSE,Music,35,2024-02-20,,F,TEACHER044
12,CLASS023,2024,8,Coursework,German,,2025-05-17,83.1,E,
13,CLASS095,2022,12,End of year exam,Mathematics,,2022-11-23,57.3,4,TEACHER021
13,CLASS042,2023,10,A-Level,Science,22,2023-12-10,10.8,D,TEACHER029
13,CLASS032,2022,8,End of term,Science,10,2023-07-04,1.3,3,TEACHER041
13,CLASS034,2023,10,Class test,Computing,13,2024-01-30,0.6,F,TEACHER037
13,CLASS016,2022,Y9,Coursework,English,21,2023-03-23,18.3,3,TEACHER022
14,CLASS045,2024,Y11,Coursework,German,,2025-01-23,60.3,,TEACHER039
14,CLASS050,2023,Y9,A-Level,Science,29,2023-09-25,,A*,TEACHER049
14,CLASS040,2022,11,Mock exam,Mathematics,,2022-09-27,3.3,E,TEACHER009
14,CLASS091,2024,Y9,A-Level,French,72,2025-01-22,13.1,8,TEACHER010
14,CLASS048,2023,13,Mock exam,Art,,2023-12-30,85.0,7,TEACHER013
14,CLASS094,2023,10,End of term,French,43,2024-03-23,17.0,E,TEACHER032
14,CLASS018,2024,11,Coursework,Geography,39,2025-04-28,27.4,B,TEACHER049
14,CLASS031,2024,Y9,GCSE,Geography,,2025-01-22,92.0,3,
15,CLASS053,2022,11,Class test,Computing,,2023-04-17,,G,TEACHER009
15,CLASS085,2022,11,A-Level,Art,78,2023-02-22,43.9,3,
15,CLASS005,2024,Y13,End of term,Art,97,2024-09-21,,C,
16,CLASS030,2024,Y10,End of term,English,56,2024-09-25,46.1,G,TEACHER031
16,CLASS051,2024,Y13,End of year exam,Music,,2025-03-08,77.6,D,
16,CLASS039,2022,12,Mock exam,Science,,2023-05-07,12.0,U,
17,CLASS024,2024,11,Coursework,Art,10,2025-05-29,8.5,8,TEACHER029
17,CLASS014,2023,7,Coursework,Science,35,2024-07-03,11.6,D,TEACHER001
17,CLASS018,2023,Y13,GCSE,Geography,,2024-01-13,45.8,G,TEACHER043
17,CLASS067,2024,Y7,End of term,Computing,31,2024-10-16,23.5,1,
17,CLASS023,2022,7,A-Level,Science,72,2022-10-05,28.5,8,TEACHER030
18,CLASS023,2024,Y9,A-Level,Art,41,2025-03-02,,,TEACHER020
18,CLASS084,2022,Y10,End of year exam,PE,41,2023-03-12,0.4,A*,
18,CLASS041,2022,Y7,A-Level,Art,18,2022-09-13,2.5,3,TEACHER024
18,CLASS048,2022,10,GCSE,PE,38,2022-11-14,,,TEACHER030
19,CLASS060,2023,8,End of year exam,French,84,2023-11-23,52.2,4,TEACHER020
19,CLASS026,2024,Y10,Class test,Art,88,2025-06-02,20.4,6,
19,CLASS022,2022,Y10,A-Level,Mathematics,72,2023-01-18,69.5,6,TEACHER019
20,CLASS093,2023,Y9,Class test,French,47,2023-11-26,17.2,D,TEACHER033
20,CLASS035,2022,12,Mock exam,Mathematics,,2023-07-06,21.6,U,TEACHER025
20,CLASS064,2023,8,Coursework,Art,59,2023-09-06,44.2,B,
20,CLASS054,2023,9,Mock exam,Geography,15,2024-02-26,9.3,7,TEACHER025
20,CLASS034,2022,Y11,Class test,Spanish,,2023-02-08,21.5,A,TEACHER016
20,CLASS001,2024,7,End of year exam,Science,,2025-07-26,0.1,A*,TEACHER002
20,CLASS024,2022,Y13,Coursework,Spanish,88,2023-05-27,21.5,F,TEACHER005
20,CLASS017,2022,Y11,Mock exam,Art,64,2022-09-01,46.3,G,
21,CLASS052,2022,Y9,Class test,PE,73,2023-02-15,15.0,,TEACHER026
21,CLASS041,2024,Y7,Mock exam,Music,42,2025-01-30,,C,TEACHER017
21,CLASS100,2022,Y10,A-Level,Computing,17,2022-10-10,2.7,B,TEACHER040
21,CLASS041,2024,8,Coursework,Art,100,2025-01-25,20.8,G,TEACHER033
21,CLASS051,2022,Y10,Mock exam,English,99,2023-03-19,19.4,4,TEACHER046
22,CLASS063,2022,10,End of term,English,70,2023-04-03,57.2,3,TEACHER049
22,CLASS040,2022,12,GCSE,German,60,2023-05-11,54.8,U,
22,CLASS060,2024,7,GCSE,French,49,2024-10-14,45.2,A*,TEACHER007
22,CLASS078,2023,Y8,Coursework,English,83,2023-11-15,44.2,2,TEACHER040
22,CLASS056,2024,9,Class test,Music,12,2024-11-30,2.9,A*,TEACHER010
22,CLASS080,2022,Y10,Class test,Science,,2023-03-04,86.9,1,
23,CLASS016,2024,Y11,End of term,Art,43,2025-01-18,32.2,5,TEACHER042
23,CLASS062,2024,9,Class test,Science,,2025-05-17,85.7,8,TEACHER005
23,CLASS015,2022,12,End of year exam,History,46,2023-06-29,32.1,4,TEACHER041
23,CLASS065,2023,Y8,End of term,Science,,2024-03-18,0.4,5,
23,CLASS072,2024,Y11,Class test,Music,,2025-01-11,79.2,,TEACHER038
23,CLASS024,2022,8,Mock exam,Computing,64,2023-03-04,20.0,D,TEACHER022
23,CLASS004,2022,Y13,Coursework,Spanish,54,2023-07-03,23.6,B,TEACHER011
24,CLASS079,2023,Y10,End of year exam,Art,69,2024-07-04,59.7,1,TEACHER005
24,CLASS027,2022,Y9,End of year exam,German,92,2023-01-10,60.9,,TEACHER022
24,CLASS001,2022,13,Mock exam,German,41,2022-11-19,40.8,,TEACHER041
24,CLASS048,2024,Y12,End of year exam,Science,40,2024-12-06,19.6,F,TEACHER026
24,CLASS011,2022,Y9,End of term,Geography,,2023-07-16,,A*,TEACHER014
24,CLASS048,2022,Y8,End of year exam,Geography,52,2023-02-21,41.5,4,TEACHER001
24,CLASS078,2022,Y13,End of year exam,Art,,2022-09-14,,,TEACHER030
24,CLASS066,2024,13,End of year exam,Spanish,87,2024-10-27,27.8,2,TEACHER024
25,CLASS040,2022,Y12,End of term,German,35,2022-11-04,23.4,2,TEACHER042
25,CLASS020,2024,7,End of term,Mathematics,32,2025-03-16,16.0,5,TEACHER050
25,CLASS071,2023,13,GCSE,Music,47,2023-11-15,12.1,,TEACHER017
25,CLASS010,2024,12,End of term,Science,72,2025-01-03,57.4,U,TEACHER007
25,CLASS003,2024,10,GCSE,English,45,2025-01-20,29.6,2,TEACHER002
25,CLASS061,2022,Y8,End of term,French,34,2022-12-17,,2,TEACHER039
25,CLASS034,2023,Y12,End of term,French,21,2023-12-22,13.3,7,TEACHER046
25,CLASS062,2022,Y12,End of term,Science,70,2022-11-24,,1,TEACHER025
26,CLASS006,2024,12,Coursework,Art,79,2025-04-13,21.3,3,TEACHER020
26,CLASS024,2024,Y8,Class test,Computing,73,2025-06-16,54.9,B,TEACHER009
26,CLASS050,2022,12,Class test,History,43,2023-01-03,,E,TEACHER027
27,CLASS047,2022,Y11,GCSE,Computing,28,2023-06-10,16.5,2,TEACHER025
27,CLASS047,2024,Y10,Mock exam,German,73,2025-02-20,70.1,,TEACHER028
27,CLASS073,2022,8,A-Level,Mathematics,94,2023-03-05,64.1,A*,
27,CLASS037,2023,Y12,Coursework,Science,49,2024-05-04,42.8,E,
27,CLASS068,2023,10,End of term,Music,64,2024-06-06,37.8,G,TEACHER024
27,CLASS007,2024,Y13,GCSE,German,14,2025-01-05,3.5,4,TEACHER003
27,CLASS069,2023,Y8,Mock exam,Geography,53,2024-01-20,,B,TEACHER025
28,CLASS084,2024,7,End of year exam,Mathematics,,2025-02-28,,2,TEACHER017
28,CLASS019,2023,Y10,Mock exam,Mathematics,90,2024-03-18,,U,TEACHER047
28,CLASS074,2023,Y12,Coursework,English,91,2023-11-09,13.4,2,TEACHER011
28,CLASS032,2023,13,End of term,French,32,2024-01-25,3.8,7,
28,CLASS059,2024,9,Coursework,Science,28,2025-02-05,14.9,D,TEACHER034
28,CLASS097,2022,Y13,Coursework,Mathematics,29,2023-06-29,8.1,F,TEACHER030
29,CLASS005,2022,Y8,End of year exam,Computing,,2022-11-23,41.9,7,TEACHER020
29,CLASS084,2024,12,A-Level,English,57,2025-07-16,20.0,3,TEACHER013
29,CLASS090,2023,12,Class test,French,21,2024-03-10,12.0,F,TEACHER042
29,CLASS020,2022,Y11,End of year exam,Science,,2022-12-14,38.2,9,TEACHER023
30,CLASS067,2022,Y7,Coursework,Mathematics,39,2022-11-05,4.7,,TEACHER050
30,CLASS085,2023,Y10,Class test,German,,2023-11-03,10.9,,
30,CLASS035,2022,Y10,Mock exam,Mathematics,,2023-02-03,25.9,,TEACHER015
30,CLASS080,2024,Y8,Class test,Art,94,2024-10-24,0.8,,TEACHER012
30,CLASS007,2023,12,Coursework,Mathematics,62,2024-03-31,61.3,9,TEACHER030
30,CLASS016,2022,9,Class test,English,97,2023-03-21,14.4,E,TEACHER029
30,CLASS029,2023,7,Coursework,French,56,2023-11-06,17.5,B,TEACHER006
30,CLASS053,2023,Y10,End of year exam,English,57,2024-01-26,33.9,D,TEACHER008
31,CLASS004,2024,13,Mock exam,Spanish,49,2024-09-14,9.1,A*,TEACHER014
31,CLASS099,2022,8,GCSE,German,73,2023-04-09,57.6,C,TEACHER002
31,CLASS045,2023,7,Coursework,German,,2023-12-22,58.8,,TEACHER042
31,CLASS100,2023,Y9,A-Level,Spanish,17,2024-07-28,,B,TEACHER027
32,CLASS088,2023,12,Coursework,Computing,35,2024-02-12,15.4,6,TEACHER020
32,CLASS086,2024,7,End of term,Science,80,2024-12-13,55.8,5,TEACHER039
32,CLASS020,2024,Y11,Coursework,German,40,2025-05-01,11.1,8,TEACHER049
32,CLASS024,2023,8,A-Level,Geography,74,2023-10-09,,F,TEACHER019
32,CLASS063,2023,7,End of year exam,Spanish,,2023-09-12,48.8,A*,TEACHER026
32,CLASS064,2023,Y13,End of term,German,,2024-04-12,1.6,E,
33,CLASS040,2022,Y13,Mock exam,German,,2023-06-21,,4,
33,CLASS061,2023,7,Mock exam,Science,10,2023-12-15,1.2,D,TEACHER027
33,CLASS093,2024,7,Mock exam,Spanish,,2025-07-06,80.8,A*,TEACHER012
33,CLASS057,2022,Y10,A-Level,PE,93,2023-05-15,34.5,B,TEACHER033
33,CLASS056,2023,Y11,Class test,French,,2024-04-29,91.8,,TEACHER021
33,CLASS016,2024,Y8,End of term,Art,40,2025-04-03,18.5,9,TEACHER034
33,CLASS005,2024,7,Mock exam,Science,,2025-06-24,81.3,,TEACHER043
34,CLASS063,2022,Y12,A-Level,Computing,28,2022-09-18,25.1,,TEACHER007
34,CLASS093,2022,12,Class test,Music,39,2023-07-14,0.5,1,TEACHER006
34,CLASS059,2023,8,Mock exam,Music,96,2023-10-02,55.6,A,TEACHER020
34,CLASS050,2024,12,End of year exam,Science,44,2024-12-19,18.8,C,TEACHER005
35,CLASS052,2024,8,Class test,Computing,54,2025-05-30,19.2,1,TEACHER047
35,CLASS038,2022,Y11,GCSE,Music,20,2023-07-10,14.5,,
35,CLASS029,2023,11,End of year exam,Mathematics,94,2023-12-26,47.8,9,TEACHER043
35,CLASS054,2022,Y12,End of year exam,French,,2022-11-12,72.6,U,TEACHER003
35,CLASS007,2024,9,End of term,Art,,2025-06-03,99.3,,TEACHER002
35,CLASS009,2024,Y9,End of year exam,French,48,2025-03-21,39.4,B,TEACHER016
36,CLASS034,2022,8,End of year exam,Music,44,2022-11-15,17.1,U,TEACHER037
36,CLASS012,2022,8,A-Level,Computing,65,2022-09-04,30.3,F,
36,CLASS003,2022,13,Class test,Computing,100,2022-09-04,48.8,E,TEACHER036
36,CLASS059,2023,Y10,End of year exam,Geography,96,2023-09-30,41.0,1,
36,CLASS024,2024,10,Class test,Science,,2024-09-01,82.1,B,TEACHER034
37,CLASS085,2023,Y8,Mock exam,Science,70,2023-10-25,33.7,F,TEACHER020
37,CLASS011,2022,Y7,Coursework,Music,32,2022-09-14,4.8,6,TEACHER048
37,CLASS033,2023,9,GCSE,English,60,2024-01-01,9.6,U,TEACHER019
37,CLASS049,2024,8,GCSE,Science,63,2025-01-05,22.3,E,TEACHER039
37,CLASS022,2024,10,Class test,Mathematics,29,2025-07-05,25.6,G,TEACHER026
37,CLASS044,2022,Y12,Mock exam,English,80,2022-11-10,25.3,U,TEACHER039
37,CLASS023,2024,11,Mock exam,Music,38,2024-11-15,28.9,B,
37,CLASS081,2024,13,Mock exam,PE,38,2024-11-30,32.0,1,TEACHER043
38,CLASS038,2022,7,A-Level,History,38,2022-12-16,2.3,E,TEACHER049
38,CLASS029,2024,Y11,Mock exam,PE,81,2024-11-27,,5,TEACHER048
38,CLASS049,2022,Y13,Mock exam,Science,,2022-09-17,25.9,U,
39,CLASS021,2022,9,A-Level,English,,2023-06-17,44.4,A,TEACHER033
39,CLASS062,2022,Y8,Mock exam,Computing,22,2023-07-26,17.8,A*,TEACHER038
39,CLASS019,2024,Y11,Coursework,Computing,33,2025-04-19,18.0,C,TEACHER015
39,CLASS031,2023,Y8,Mock exam,Science,85,2024-02-21,30.3,A*,TEACHER039
39,CLASS037,2024,11,Coursework,Spanish,31,2025-03-12,12.4,6,TEACHER043
39,CLASS073,2023,Y9,GCSE,Spanish,88,2023-12-07,15.4,2,TEACHER038
40,CLASS086,2024,8,Mock exam,Geography,36,2025-04-24,10.0,U,TEACHER010
40,CLASS006,2023,Y10,End of term,Spanish,67,2024-07-19,36.4,,TEACHER022
40,CLASS049,2023,13,GCSE,Spanish,,2024-01-28,43.2,D,TEACHER020
40,CLASS023,2023,11,Class test,Mathematics,45,2023-12-30,39.6,,TEACHER017
40,CLASS059,2023,12,End of year exam,French,,2024-01-24,14.1,B,TEACHER032
40,CLASS048,2023,Y9,Class test,German,80,2024-01-13,54.0,D,TEACHER016
40,CLASS087,2023,Y13,Class test,Geography,55,2023-10-01,7.3,4,TEACHER025
41,CLASS089,2024,8,Coursework,Science,89,2025-05-19,2.2,,
41,CLASS080,2024,9,End of term,Spanish,32,2025-05-21,6.1,7,TEACHER022
41,CLASS060,2022,Y9,End of term,History,43,2022-12-19,7.0,U,TEACHER007
41,CLASS027,2022,Y9,GCSE,Computing,91,2023-03-27,88.7,6,
41,CLASS033,2024,10,GCSE,Music,25,2025-01-31,13.8,2,TEACHER012
41,CLASS036,2022,Y7,End of year exam,Computing,48,2023-06-05,2.5,5,
42,CLASS023,2023,Y13,End of year exam,PE,42,2023-10-30,27.5,4,TEACHER048
42,CLASS077,2022,9,Mock exam,Mathematics,32,2023-05-13,16.3,B,TEACHER020
42,CLASS068,2023,Y7,Mock exam,History,21,2023-09-10,20.9,B,TEACHER046
42,CLASS036,2023,Y10,Mock exam,Science,70,2023-10-14,14.1,1,TEACHER025
42,CLASS047,2022,13,End of year exam,Mathematics,92,2023-03-15,78.8,,TEACHER022
42,CLASS074,2022,Y8,Coursework,PE,99,2022-09-25,71.8,A,TEACHER004
43,CLASS054,2022,10,End of year exam,Mathematics,36,2023-05-11,14.8,A*,TEACHER040
43,CLASS067,2023,Y12,End of term,PE,53,2023-09-28,45.8,8,TEACHER029
43,CLASS059,2022,Y11,End of term,Computing,47,2023-05-07,24.4,E,TEACHER029
43,CLASS039,2022,12,Coursework,Geography,72,2022-10-02,69.8,2,TEACHER042
43,CLASS042,2024,7,End of term,History,52,2024-12-17,28.9,F,TEACHER007
43,CLASS053,2024,Y12,Mock exam,Geography,19,2024-11-03,1.7,3,TEACHER046
43,CLASS088,2024,10,Class test,Computing,,2024-09-11,17.9,C,TEACHER034
43,CLASS055,2023,Y11,Coursework,Computing,59,2024-06-30,7.8,,TEACHER042
44,CLASS099,2022,Y13,Mock exam,Geography,71,2023-03-28,,,
44,CLASS085,2024,Y10,Coursework,Mathematics,72,2024-11-06,,A,TEACHER043
44,CLASS030,2024,11,End of term,Spanish,70,2025-01-01,9.7,4,TEACHER039
44,CLASS018,2022,13,Class test,English,17,2023-03-10,4.1,,TEACHER032
44,CLASS030,2023,11,A-Level,Computing,59,2024-07-12,,A,TEACHER018
45,CLASS078,2023,Y8,A-Level,PE,,2024-03-11,91.6,E,TEACHER036
45,CLASS078,2024,Y9,Coursework,Mathematics,25,2025-05-09,1.1,B,TEACHER021
45,CLASS003,2023,Y9,A-Level,Computing,81,2023-12-31,5.1,F,TEACHER026
46,CLASS080,2022,Y8,Mock exam,German,68,2023-07-16,41.3,A*,TEACHER025
46,CLASS053,2022,12,Mock exam,Mathematics,74,2022-09-28,72.8,2,TEACHER040
46,CLASS071,2022,Y8,A-Level,English,,2023-04-18,54.8,,TEACHER048
46,CLASS078,2023,Y13,Mock exam,French,45,2024-02-18,23.9,7,
46,CLASS008,2022,10,End of term,English,71,2022-11-19,54.0,C,TEACHER020
47,CLASS017,2022,Y9,Coursework,PE,21,2023-07-18,18.6,C,
47,CLASS039,2022,7,End of term,Science,,2022-11-27,22.6,,TEACHER027
47,CLASS010,2022,Y8,Mock exam,History,68,2022-09-26,43.7,8,TEACHER013
48,CLASS056,2023,8,End of term,Geography,,2023-12-04,70.0,,TEACHER026
48,CLASS033,2024,Y11,GCSE,Science,,2025-01-30,,A,TEACHER020
48,CLASS077,2024,Y13,End of year exam,Music,,2024-10-28,43.8,9,TEACHER029
48,CLASS066,2024,Y10,End of year exam,Art,62,2025-04-17,35.4,8,TEACHER032
48,CLASS094,2024,Y11,Mock exam,French,,2025-04-10,39.2,8,TEACHER003
48,CLASS016,2023,7,Coursework,Spanish,77,2024-04-17,15.8,B,TEACHER021
48,CLASS091,2023,Y10,GCSE,PE,42,2024-04-30,22.4,9,TEACHER005
49,CLASS030,2024,13,A-Level,History,33,2024-11-11,7.7,F,TEACHER018
49,CLASS084,2022,10,Class test,Science,47,2022-10-19,47.0,G,TEACHER049
49,CLASS003,2024,Y8,A-Level,French,25,2024-09-08,18.8,8,TEACHER040
50,CLASS052,2024,11,End of year exam,Spanish,37,2025-04-21,12.7,F,
50,CLASS004,2022,13,Mock exam,Spanish,37,2023-01-02,12.2,9,
50,CLASS063,2024,Y11,Mock exam,Computing,36,2025-01-15,2.1,5,TEACHER016
50,CLASS082,2024,9,End of term,Computing,,2024-11-27,,B,
50,CLASS016,2024,8,Class test,Mathematics,71,2025-03-04,52.2,1,TEACHER029
50,CLASS052,2024,10,End of year exam,Art,86,2025-06-05,46.1,6,TEACHER030
50,CLASS096,2023,Y10,GCSE,French,23,2024-06-29,11.3,8,TEACHER032
51,CLASS099,2024,Y7,Class test,Art,,2024-11-01,,G,
51,CLASS073,2023,Y12,End of year exam,Mathematics,60,2023-12-14,36.0,F,
51,CLASS020,2023,Y13,A-Level,English,12,2023-12-09,1.8,,TEACHER001
52,CLASS093,2024,Y9,A-Level,History,96,2025-07-31,39.1,5,TEACHER028
52,CLASS025,2022,Y9,End of term,German,,2023-02-23,99.8,8,TEACHER050
52,CLASS046,2022,7,Mock exam,Computing,29,2022-10-05,18.6,B,TEACHER048
53,CLASS001,2023,Y8,End of year exam,German,87,2024-02-06,72.4,1,TEACHER033
53,CLASS011,2023,13,End of term,Geography,31,2023-10-29,9.5,2,TEACHER010
53,CLASS029,2024,7,Mock exam,PE,11,2025-05-22,,B,TEACHER029
53,CLASS045,2023,12,Mock exam,Computing,33,2023-09-18,32.2,B,TEACHER023
53,CLASS007,2023,11,End of year exam,History,79,2023-10-30,41.3,9,
53,CLASS062,2023,Y9,GCSE,English,44,2024-04-30,39.5,7,TEACHER003
53,CLASS006,2024,10,A-Level,Science,87,2025-05-18,79.3,A,TEACHER011
53,CLASS081,2024,13,Class test,French,85,2024-11-10,25.0,A,TEACHER048
54,CLASS039,2024,Y7,Class test,Spanish,40,2025-02-26,20.1,U,
54,CLASS070,2024,Y9,A-Level,Spanish,33,2025-05-07,,9,
54,CLASS018,2023,Y8,Mock exam,PE,54,2023-10-04,30.0,F,TEACHER027
54,CLASS001,2023,12,End of year exam,PE,44,2024-07-13,8.8,A,TEACHER033
54,CLASS026,2023,Y11,End of term,Art,77,2024-02-04,72.0,U,TEACHER005
55,CLASS032,2023,10,End of year exam,PE,,2024-03-18,17.3,4,TEACHER022
55,CLASS070,2022,13,End of year exam,History,79,2023-07-08,70.1,,TEACHER002
55,CLASS098,2024,8,GCSE,PE,30,2025-03-04,15.8,,TEACHER039
55,CLASS046,2024,Y13,End of term,Geography,25,2024-11-01,19.9,,TEACHER035
56,CLASS065,2024,Y9,Mock exam,History,24,2025-03-21,23.4,C,TEACHER010
56,CLASS065,2024,Y8,Class test,German,,2024-10-04,96.1,E,TEACHER008
56,CLASS098,2024,12,End of term,Mathematics,70,2025-03-25,56.1,U,TEACHER040
56,CLASS032,2024,11,GCSE,German,33,2025-06-01,23.7,A,
57,CLASS093,2024,9,A-Level,English,85,2025-07-16,8.0,F,TEACHER048
57,CLASS015,2024,10,Mock exam,German,18,2025-07-11,15.7,6,TEACHER006
57,CLASS058,2023,13,End of year exam,English,79,2023-10-02,74.5,3,TEACHER045
57,CLASS011,2023,12,Mock exam,PE,98,2024-07-27,33.9,4,TEACHER008
57,CLASS039,2024,8,A-Level,French,,2024-11-26,41.9,7,TEACHER035
57,CLASS088,2024,7,Class test,Mathematics,,2024-09-11,17.8,2,TEACHER018
57,CLASS067,2022,Y7,A-Level,English,,2023-02-10,55.3,2,TEACHER035
57,CLASS081,2023,12,End of term,Geography,74,2023-12-26,43.5,G,
58,CLASS037,2022,11,Mock exam,Mathematics,30,2023-05-11,,3,TEACHER001
58,CLASS018,2024,Y12,A-Level,Geography,50,2025-03-16,18.4,2,TEACHER025
58,CLASS054,2024,Y8,Mock exam,Geography,31,2024-12-22,,4,TEACHER020
59,CLASS012,2022,10,End of term,English,77,2023-06-21,48.3,9,TEACHER009
59,CLASS064,2024,9,End of term,Science,27,2025-02-15,17.2,D,
59,CLASS046,2023,7,Class test,PE,10,2024-04-17,7.2,8,
59,CLASS066,2023,Y10,End of term,German,21,2023-10-07,11.0,9,TEACHER033
60,CLASS067,2023,9,A-Level,PE,56,2023-09-10,,4,TEACHER014
60,CLASS017,2023,10,GCSE,Geography,69,2023-09-07,54.6,4,TEACHER044
60,CLASS037,2024,7,A-Level,German,51,2025-06-05,49.4,,TEACHER047
60,CLASS050,2024,Y7,A-Level,Spanish,32,2025-07-17,22.3,8,TEACHER018
60,CLASS085,2022,Y13,A-Level,History,76,2023-03-26,,1,
60,CLASS056,2022,Y12,Mock exam,PE,59,2023-05-23,44.2,2,TEACHER029
60,CLASS062,2023,Y7,A-Level,Mathematics,,2023-12-17,22.2,9,TEACHER029
61,CLASS064,2024,12,Class test,Computing,90,2025-01-13,4.9,E,
61,CLASS003,2024,13,Class test,French,36,2024-12-29,35.1,B,TEACHER003
61,CLASS058,2024,9,Class test,Art,67,2025-01-22,43.4,5,
61,CLASS056,2023,Y12,End of year exam,Mathematics,46,2023-12-28,17.6,G,TEACHER048
61,CLASS063,2022,12,Class test,French,34,2023-02-02,,4,TEACHER034
61,CLASS057,2022,13,Coursework,Spanish,23,2022-12-09,15.4,A,TEACHER037
62,CLASS021,2022,Y9,A-Level,German,94,2023-05-13,81.9,2,
62,CLASS025,2024,Y10,Coursework,Computing,,2024-11-27,7.1,6,TEACHER050
62,CLASS100,2024,10,Mock exam,Geography,72,2025-04-21,68.5,U,TEACHER044
62,CLASS082,2023,9,End of year exam,Science,17,2023-12-02,7.2,6,TEACHER007
62,CLASS021,2023,12,GCSE,PE,,2023-11-03,93.4,C,TEACHER035
63,CLASS019,2024,Y9,Coursework,Mathematics,71,2024-11-01,18.3,D,TEACHER042
63,CLASS007,2024,Y9,Mock exam,Music,,2024-12-23,42.6,F,TEACHER005
63,CLASS067,2022,Y11,Class test,Art,80,2023-07-16,58.0,5,TEACHER036
63,CLASS047,2022,13,Mock exam,Spanish,66,2022-09-25,52.1,5,TEACHER009
63,CLASS028,2022,Y9,End of year exam,English,29,2023-01-24,11.8,7,TEACHER038
63,CLASS092,2022,Y10,Coursework,Mathematics,38,2023-01-29,6.3,A,TEACHER038
63,CLASS093,2022,12,Mock exam,History,99,2022-12-26,59.8,2,TEACHER003
64,CLASS019,2023,Y13,Class test,Science,40,2024-02-07,4.5,G,TEACHER049
64,CLASS096,2024,12,End of year exam,Music,58,2025-04-10,,A,TEACHER019
64,CLASS012,2022,Y8,End of term,Science,65,2022-09-26,7.2,U,
64,CLASS035,2022,7,Coursework,PE,89,2022-10-04,88.9,5,TEACHER004
64,CLASS077,2024,10,GCSE,Art,,2024-10-22,30.7,B,TEACHER035
65,CLASS057,2024,9,End of year exam,Art,70,2024-11-24,30.8,G,TEACHER017
65,CLASS057,2022,8,End of year exam,History,22,2023-05-22,3.0,3,TEACHER043
65,CLASS088,2024,8,End of year exam,Mathematics,,2025-05-08,30.7,9,TEACHER014
65,CLASS061,2022,10,A-Level,French,68,2023-06-30,43.4,G,TEACHER042
66,CLASS092,2023,12,A-Level,English,41,2024-02-25,35.6,4,TEACHER001
66,CLASS080,2022,7,End of term,English,63,2023-02-14,2.1,A,TEACHER014
66,CLASS069,2023,Y12,A-Level,Science,46,2024-01-27,8.6,6,TEACHER012
66,CLASS087,2022,11,Mock exam,Art,93,2022-12-02,81.4,6,TEACHER022
67,CLASS006,2022,Y7,GCSE,PE,46,2022-10-15,29.7,,TEACHER019
67,CLASS069,2023,7,End of year exam,Art,83,2023-10-05,15.8,5,TEACHER009
67,CLASS026,2022,Y10,Class test,Music,19,2023-04-25,8.5,8,
67,CLASS064,2022,Y11,Class test,Geography,65,2023-03-22,49.9,1,
67,CLASS048,2024,Y13,End of term,Music,20,2025-03-29,2.9,G,TEACHER031
67,CLASS049,2024,Y7,GCSE,German,32,2025-01-17,24.1,A,TEACHER036
68,CLASS043,2022,11,GCSE,Music,79,2023-02-13,56.9,F,TEACHER049
68,CLASS005,2024,11,End of year exam,Mathematics,20,2025-04-27,17.6,5,
68,CLASS020,2024,Y10,GCSE,PE,,2025-04-30,,8,TEACHER020
68,CLASS026,2023,Y9,Mock exam,German,26,2024-01-02,4.8,F,TEACHER018
68,CLASS029,2023,Y12,Class test,English,19,2024-04-11,,7,
68,CLASS044,2023,12,GCSE,Geography,93,2024-05-14,31.8,5,TEACHER016
68,CLASS073,2023,8,GCSE,English,56,2023-09-26,,B,TEACHER016
69,CLASS066,2023,11,End of term,Spanish,26,2023-11-04,19.0,6,
69,CLASS008,2022,Y13,Mock exam,Science,72,2022-11-04,31.0,G,TEACHER021
69,CLASS053,2022,Y9,Coursework,Geography,10,2023-05-19,9.0,G,
69,CLASS013,2022,Y9,End of term,Music,64,2022-12-31,11.9,4,TEACHER042
69,CLASS084,2024,9,End of term,Science,11,2025-06-26,8.6,5,
69,CLASS002,2023,Y12,Mock exam,English,55,2023-10-17,33.1,2,TEACHER037
70,CLASS030,2024,9,End of year exam,Computing,52,2025-06-26,1.8,,TEACHER005
70,CLASS055,2024,13,End of year exam,Computing,47,2025-01-04,5.0,7,TEACHER042
70,CLASS004,2022,12,End of term,English,79,2023-03-30,7.3,3,TEACHER003
70,CLASS077,2023,Y7,End of year exam,Art,,2024-03-22,99.5,A*,TEACHER040
70,CLASS041,2023,Y12,Coursework,French,24,2024-06-08,14.2,6,TEACHER027
71,CLASS086,2022,7,Mock exam,Computing,98,2023-04-30,,G,
71,CLASS008,2022,13,A-Level,Spanish,,2023-04-08,,9,
71,CLASS012,2024,Y9,End of year exam,Music,,2024-09-04,30.2,6,TEACHER025
71,CLASS019,2024,Y9,GCSE,Spanish,19,2024-11-18,0.5,8,TEACHER007
71,CLASS070,2024,12,GCSE,PE,33,2024-10-13,3.4,F,TEACHER030
71,CLASS076,2022,7,Class test,German,77,2023-04-27,34.5,2,TEACHER013
72,CLASS002,2022,8,Coursework,History,69,2023-05-25,38.7,C,TEACHER010
72,CLASS066,2024,9,Mock exam,Geography,86,2025-07-31,39.4,C,TEACHER035
72,CLASS082,2024,Y12,Mock exam,Mathematics,18,2025-06-28,8.4,6,TEACHER028
72,CLASS058,2024,13,End of year exam,Art,,2025-02-28,55.6,U,
72,CLASS036,2022,8,Class test,Mathematics,21,2022-09-09,10.3,1,TEACHER008
73,CLASS040,2023,9,Coursework,German,93,2023-12-29,47.1,,
73,CLASS041,2022,10,End of year exam,Computing,51,2023-04-30,,F,TEACHER034
73,CLASS042,2024,13,GCSE,French,94,2025-04-18,40.3,E,TEACHER049
74,CLASS028,2022,Y10,A-Level,Spanish,60,2022-09-07,59.2,,TEACHER013
74,CLASS075,2022,Y9,End of term,Music,27,2022-12-09,16.2,4,TEACHER039
74,CLASS051,2023,10,A-Level,Computing,82,2023-11-02,36.3,3,TEACHER035
74,CLASS079,2024,Y13,Coursework,German,58,2024-12-29,42.4,C,TEACHER036
74,CLASS049,2023,9,End of year exam,History,76,2023-09-28,46.3,,TEACHER025
75,CLASS011,2024,7,Mock exam,History,,2024-10-27,4.0,4,TEACHER009
75,CLASS024,2022,10,A-Level,Geography,94,2023-02-11,8.2,5,TEACHER016
75,CLASS045,2024,Y9,Class test,Computing,40,2024-10-11,9.4,5,TEACHER011
75,CLASS042,2023,Y13,A-Level,German,40,2024-06-24,18.3,2,
76,CLASS052,2022,Y8,Coursework,History,,2023-06-11,39.2,3,TEACHER029
76,CLASS042,2024,Y11,End of term,English,,2024-10-14,81.4,,
76,CLASS080,2024,Y13,End of year exam,German,77,2025-06-06,24.7,6,TEACHER041
77,CLASS067,2022,13,Coursework,Music,100,2022-09-19,82.3,E,
77,CLASS041,2022,13,A-Level,Computing,26,2023-03-18,17.9,9,TEACHER024
77,CLASS045,2023,7,Class test,Computing,89,2024-03-13,61.8,2,
77,CLASS095,2022,12,End of year exam,French,58,2023-06-05,20.5,2,TEACHER024
77,CLASS080,2024,12,GCSE,PE,,2025-05-24,12.1,A,TEACHER023
77,CLASS033,2023,11,A-Level,Computing,,2023-11-04,35.9,2,
77,CLASS076,2022,Y8,Coursework,German,53,2022-09-28,28.6,E,TEACHER018
77,CLASS066,2023,11,Class test,German,,2023-12-06,8.3,7,TEACHER039
78,CLASS001,2024,9,Coursework,Science,49,2025-06-28,2.3,4,TEACHER013
78,CLASS031,2024,Y9,A-Level,Mathematics,14,2024-09-16,3.8,E,TEACHER046
78,CLASS039,2024,Y10,End of term,PE,,2025-01-01,53.9,2,TEACHER050
78,CLASS020,2022,8,End of year exam,Computing,49,2023-03-29,42.1,3,TEACHER009
78,CLASS010,2024,Y13,Class test,French,86,2024-10-05,4.1,1,TEACHER043
78,CLASS049,2024,Y12,End of term,Computing,70,2025-01-05,18.9,G,TEACHER046
78,CLASS031,2022,11,End of year exam,Science,84,2023-01-31,66.2,5,TEACHER045
78,CLASS095,2023,9,Coursework,Mathematics,82,2023-10-24,19.5,F,TEACHER050
79,CLASS023,2023,7,Coursework,PE,26,2023-10-16,10.6,B,TEACHER025
79,CLASS083,2022,Y10,End of term,Spanish,63,2022-09-21,4.8,4,TEACHER028
79,CLASS004,2022,12,End of term,Science,14,2023-02-21,,G,TEACHER046
79,CLASS030,2022,12,GCSE,PE,,2023-03-05,74.8,5,
79,CLASS078,2024,Y10,GCSE,Geography,,2025-02-03,36.4,6,TEACHER044
79,CLASS020,2023,Y10,Class test,PE,55,2024-06-08,36.2,,TEACHER050
79,CLASS066,2023,8,End of term,English,79,2023-11-03,34.1,C,TEACHER021
79,CLASS013,2024,Y12,A-Level,German,48,2024-10-01,26.0,F,TEACHER005
80,CLASS073,2023,12,Class test,French,26,2023-12-29,19.1,8,TEACHER040
80,CLASS087,2024,11,End of year exam,PE,63,2025-06-21,7.0,C,TEACHER037
80,CLASS024,2023,Y13,A-Level,English,,2023-10-28,92.2,D,TEACHER021
80,CLASS075,2024,13,End of year exam,History,28,2025-05-05,3.5,1,TEACHER018
80,CLASS054,2022,7,GCSE,Spanish,55,2023-01-02,15.4,1,TEACHER046
81,CLASS019,2023,11,GCSE,Geography,,2023-09-12,64.8,8,TEACHER045
81,CLASS097,2022,12,Class test,English,70,2022-11-06,70.0,A,
81,CLASS001,2022,Y7,Coursework,English,24,2023-07-09,2.7,7,TEACHER019
81,CLASS079,2023,Y9,Class test,English,80,2023-12-10,25.5,D,TEACHER008
81,CLASS049,2022,13,A-Level,Science,97,2023-06-22,52.5,7,
81,CLASS008,2022,13,End of year exam,Computing,12,2023-06-07,8.8,,TEACHER041
81,CLASS045,2024,Y12,A-Level,Geography,,2024-11-27,53.6,,
81,CLASS087,2023,Y8,End of year exam,PE,75,2024-06-21,5.6,9,TEACHER045
82,CLASS055,2022,12,End of term,German,80,2023-05-30,61.0,,TEACHER015
82,CLASS056,2023,13,End of year exam,Mathematics,82,2023-12-17,81.5,,
82,CLASS055,2022,13,End of year exam,Spanish,46,2022-09-15,1.0,2,TEACHER004
82,CLASS089,2024,Y11,Class test,Art,86,2024-09-10,40.4,E,TEACHER048
82,CLASS064,2023,Y8,Class test,Art,94,2023-11-05,58.7,1,TEACHER029
82,CLASS096,2022,7,End of term,French,,2023-06-03,73.0,9,TEACHER019
83,CLASS093,2022,7,A-Level,Spanish,74,2022-11-20,3.0,6,
83,CLASS021,2022,8,A-Level,Music,54,2022-10-26,32.6,A*,TEACHER039
83,CLASS001,2024,10,Coursework,Geography,,2025-04-21,80.4,9,TEACHER025
83,CLASS011,2023,7,Coursework,Geography,,2024-06-14,72.3,2,TEACHER023
83,CLASS010,2023,Y13,A-Level,Science,,2023-11-21,90.8,6,TEACHER016
83,CLASS072,2024,Y12,Class test,German,30,2025-06-22,1.8,,TEACHER020
83,CLASS005,2024,9,Mock exam,Science,,2024-10-18,12.6,4,
84,CLASS085,2024,12,End of year exam,Geography,64,2025-04-07,3.5,4,TEACHER013
84,CLASS015,2023,Y7,End of term,English,20,2024-04-09,2.4,2,TEACHER042
84,CLASS016,2022,11,End of term,Art,100,2023-05-28,24.0,U,TEACHER047
84,CLASS030,2022,10,A-Level,Art,,2022-11-26,58.9,,TEACHER018
84,CLASS048,2023,9,GCSE,French,72,2024-05-12,55.7,9,TEACHER037
84,CLASS076,2022,Y8,A-Level,Art,55,2023-04-10,48.2,D,TEACHER033
84,CLASS039,2024,10,A-Level,Science,46,2024-10-09,38.5,9,
84,CLASS092,2024,13,End of term,Music,23,2025-03-10,19.7,F,TEACHER026
85,CLASS037,2022,Y13,End of year exam,PE,,2023-02-23,87.4,E,TEACHER032
85,CLASS031,2024,Y10,Class test,German,16,2025-06-05,11.5,6,TEACHER027
85,CLASS076,2022,11,End of year exam,Mathematics,40,2022-09-10,15.0,5,TEACHER015
85,CLASS039,2023,10,End of term,Spanish,65,2024-05-28,,5,TEACHER034
85,CLASS069,2024,11,End of year exam,Music,,2024-12-24,94.9,A*,
85,CLASS022,2022,Y8,Class test,Art,98,2023-05-12,28.4,A,TEACHER019
85,CLASS001,2022,11,A-Level,PE,50,2022-09-10,7.1,A,TEACHER028
85,CLASS029,2022,11,Coursework,Art,82,2022-11-04,17.5,E,TEACHER038
86,CLASS076,2024,Y7,End of term,Art,54,2024-12-23,25.3,5,TEACHER038
86,CLASS085,2024,7,End of year exam,English,13,2025-02-06,7.3,5,TEACHER019
86,CLASS029,2024,Y8,Mock exam,Computing,83,2025-01-15,14.8,8,TEACHER012
86,CLASS075,2022,Y12,A-Level,Mathematics,,2022-09-20,98.5,D,
87,CLASS046,2023,10,GCSE,PE,49,2023-09-08,48.4,6,TEACHER009
87,CLASS100,2023,Y13,End of year exam,Science,67,2023-09-04,26.0,D,TEACHER022
87,CLASS031,2023,Y12,Coursework,Art,13,2024-04-04,9.9,,TEACHER016
87,CLASS015,2023,Y13,Mock exam,Science,92,2024-05-25,59.7,5,TEACHER017
87,CLASS072,2022,13,End of year exam,English,31,2023-06-03,0.6,2,TEACHER037
87,CLASS024,2024,Y7,Mock exam,French,100,2025-02-13,28.1,D,TEACHER042
88,CLASS040,2023,Y11,End of year exam,Science,37,2024-02-27,3.8,G,TEACHER006
88,CLASS068,2023,Y12,Coursework,Geography,57,2023-09-26,33.9,E,TEACHER005
88,CLASS070,2024,Y9,A-Level,Mathematics,96,2025-05-10,32.0,4,TEACHER012
88,CLASS010,2024,Y9,Mock exam,Science,,2024-12-09,91.6,2,TEACHER012
88,CLASS049,2024,Y10,Coursework,Science,24,2024-12-11,,2,TEACHER027
89,CLASS066,2023,Y12,Class test,Spanish,31,2024-05-15,5.9,8,TEACHER009
89,CLASS004,2023,10,A-Level,History,95,2023-11-03,30.2,U,TEACHER025
89,CLASS050,2024,Y10,Class test,Mathematics,18,2025-04-08,17.1,,TEACHER043
90,CLASS037,2022,12,Coursework,Science,100,2023-06-05,,1,TEACHER038
90,CLASS085,2023,10,Mock exam,PE,59,2024-04-11,54.0,E,
90,CLASS076,2024,Y7,Class test,History,19,2024-12-15,12.2,,TEACHER010
90,CLASS080,2024,10,Mock exam,Mathematics,18,2025-07-10,16.3,3,
90,CLASS054,2022,11,A-Level,Computing,67,2023-07-11,50.4,1,TEACHER006
90,CLASS080,2024,Y11,End of year exam,PE,85,2024-10-12,83.0,U,TEACHER033
91,CLASS076,2023,11,Mock exam,Spanish,16,2024-02-11,12.8,6,
91,CLASS059,2022,8,A-Level,PE,,2022-09-11,90.1,G,TEACHER043
91,CLASS060,2022,13,Coursework,German,46,2022-11-10,45.3,F,TEACHER029
91,CLASS020,2023,Y9,A-Level,PE,90,2023-10-16,31.4,B,TEACHER048
92,CLASS051,2022,13,A-Level,Music,,2022-10-07,4.1,7,TEACHER015
92,CLASS011,2022,Y7,Coursework,PE,,2023-05-13,,B,
92,CLASS072,2022,11,End of term,Spanish,55,2023-02-13,31.8,5,TEACHER001
92,CLASS067,2023,10,End of year exam,Art,28,2024-06-20,5.4,,TEACHER018
92,CLASS054,2022,Y12,GCSE,Geography,,2023-07-15,19.4,6,TEACHER004
92,CLASS022,2023,7,End of year exam,English,40,2024-03-20,18.7,,
92,CLASS071,2023,9,Coursework,Geography,67,2023-09-06,57.5,G,TEACHER009
92,CLASS067,2022,Y12,End of term,Mathematics,90,2023-07-19,56.8,4,TEACHER024
93,CLASS035,2024,Y13,A-Level,French,49,2025-02-17,,A*,TEACHER048
93,CLASS004,2022,8,A-Level,French,92,2023-07-18,24.4,F,TEACHER021
93,CLASS023,2024,8,End of term,Computing,,2025-03-28,34.3,F,TEACHER009
93,CLASS059,2022,12,GCSE,English,71,2023-03-23,10.8,U,TEACHER013
94,CLASS010,2023,10,Class test,Science,61,2023-12-17,3.1,9,TEACHER031
94,CLASS073,2024,8,End of year exam,Mathematics,26,2024-10-13,4.2,B,TEACHER017
94,CLASS053,2022,9,A-Level,Mathematics,89,2023-07-16,0.9,U,TEACHER022
94,CLASS017,2022,13,Mock exam,Computing,,2023-02-17,34.2,8,TEACHER023
95,CLASS048,2024,8,End of term,Music,61,2025-07-09,60.6,G,
95,CLASS007,2024,10,A-Level,Geography,,2025-01-18,53.3,B,TEACHER013
95,CLASS056,2022,Y11,A-Level,Art,46,2022-12-10,3.0,F,TEACHER001
95,CLASS034,2023,Y7,End of year exam,Science,25,2024-07-26,6.8,4,
95,CLASS046,2024,Y10,End of year exam,Music,49,2025-01-14,30.5,5,TEACHER022
96,CLASS029,2022,Y13,Class test,Mathematics,34,2023-01-05,19.0,5,TEACHER008
96,CLASS073,2023,12,End of term,Science,53,2024-03-09,12.4,E,TEACHER026
96,CLASS019,2022,13,GCSE,Geography,53,2023-07-15,35.8,5,TEACHER041
97,CLASS003,2022,11,A-Level,Science,77,2023-05-06,40.7,A,TEACHER048
97,CLASS082,2022,13,End of term,PE,99,2023-02-12,57.3,C,
97,CLASS054,2023,Y8,A-Level,French,,2024-06-16,,G,
97,CLASS052,2022,13,End of year exam,Computing,56,2023-05-22,25.6,G,TEACHER028
97,CLASS057,2023,Y7,End of term,Computing,68,2024-03-12,41.2,9,TEACHER037
97,CLASS096,2023,Y8,A-Level,PE,78,2023-10-17,77.9,B,TEACHER040
97,CLASS021,2024,Y10,Coursework,English,96,2025-05-21,40.7,G,
98,CLASS073,2023,13,End of year exam,Mathematics,45,2023-09-12,33.1,F,TEACHER029
98,CLASS033,2024,7,A-Level,Science,23,2025-07-25,17.3,7,
98,CLASS089,2023,Y8,Mock exam,Computing,73,2024-04-27,46.9,9,TEACHER023
98,CLASS019,2023,Y7,Coursework,Music,40,2023-10-14,,3,TEACHER024
98,CLASS098,2024,9,End of year exam,French,80,2025-02-23,72.1,C,
98,CLASS040,2022,11,GCSE,Art,31,2023-01-12,16.8,C,TEACHER015
99,CLASS098,2024,9,End of term,PE,35,2025-06-22,5.2,A,TEACHER028
99,CLASS029,2023,10,Class test,Mathematics,81,2024-03-27,34.4,9,
99,CLASS027,2023,10,GCSE,Art,64,2024-07-10,50.2,C,
99,CLASS054,2024,Y13,Coursework,German,,2024-09-11,37.0,4,TEACHER043
100,CLASS056,2022,9,GCSE,German,10,2023-01-12,,9,TEACHER026
100,CLASS020,2022,13,Class test,German,96,2022-11-19,93.7,5,
100,CLASS067,2024,10,A-Level,German,51,2025-02-01,19.4,A*,
100,CLASS100,2023,Y13,A-Level,Computing,72,2023-11-22,62.4,,TEACHER047
